discussion_id,title,url,date,senti_prompt0_1shot_gpt,reason_prompt0_1shot_gpt,story_consensus,consensus_match_with_gpt
31355348,"BlindAI: Open-source, fast and privacy-friendly AI deployment solution in Rust",https://github.com/mithril-security/blindai,1652368380,1,"The headline presents ""BlindAI"" as an open-source, fast, and privacy-friendly AI deployment solution, highlighting positive attributes that suggest it is beneficial and advantageous for users.",1.0,True
31405976,OpenAI Codex Python to C++ Code Generator,https://github.com/alxschwrz/codex_py2cpp,1652761021,0,"The headline presents OpenAI Codex as a tool for generating code from Python to C++, but it does not express any positive or negative sentiment towards AI; it is purely informative.",0.0,True
31831437,Gemini with IPFS,https://github.com/JonStratton/geminipfs,1655865106,0,"The headline mentions ""Gemini with IPFS"" without providing any context or sentiment towards AI, making it neutral in tone.",,False
31846593,YaLM-100B: Pretrained language model with 100B parameters,https://github.com/yandex/YaLM-100B,1655974826,0,"The headline presents information about a pretrained language model with a specific number of parameters, without expressing any positive or negative sentiment towards AI.",0.0,True
32458048,Paradigms of Artificial Intelligence Programming (1992),https://github.com/norvig/paip-lisp,1660472194,0,The headline presents a historical reference to AI programming paradigms without expressing any positive or negative sentiment towards AI itself. It is neutral in tone.,0.0,True
32628761,"Upscayl – Free and Open Source AI Image Upscaler for Linux, macOS and Windows",https://github.com/upscayl/upscayl,1661697745,1,"The headline promotes ""Upscayl"" as a free and open-source AI image upscaler, suggesting a positive contribution to users across multiple operating systems, which implies a beneficial use of AI technology.",0.0,False
32900797,AI Seamless Texture Generator Built-In to Blender,https://github.com/carson-katri/dream-textures,1663606241,0,"The headline describes a feature of Blender that incorporates an AI texture generator, but it does not express a clear positive or negative sentiment towards AI itself.",0.0,True
33263748,Text generator: an Obsidian plugin that generates text using GPT-3 (OpenAI),https://github.com/nhaouari/obsidian-textgenerator-plugin,1666193852,0,The headline describes a text generator plugin that utilizes GPT-3 without expressing any clear positive or negative sentiment towards the AI technology itself.,,False
33278785,Buzz: Transcribe audio from your microphones in real-time using OpenAI's Whisper,https://github.com/chidiwilliams/buzz,1666290805,0,"The headline describes a feature of OpenAI's Whisper for transcribing audio in real-time, presenting it as a functional tool without expressing a clear positive or negative sentiment towards AI.",,False
33393881,Show HN: AI magics meet Infinite draw board,https://github.com/carefree0910/carefree-creator,1667133154,0,"The headline presents a project called ""AI magics"" related to an ""Infinite draw board"" without expressing a clear positive or negative sentiment towards AI; it appears to be neutral in tone.",,False
33703274,Show HN: Llama – Terminal File Manager,https://github.com/antonmedv/llama,1669104570,0,"The headline presents ""Llama"" as a terminal file manager without expressing any positive or negative sentiment towards AI; it is a neutral announcement.",,False
33768558,CPU Port of OpenAI's Whisper Speech to Text,https://github.com/ggerganov/whisper.cpp,1669596200,0,The headline presents information about a CPU port of OpenAI's Whisper Speech to Text without expressing any clear positive or negative sentiment towards AI.,,False
33846456,AI Downloader – A Python file downloader written by AI,https://github.com/falleng0d/ai-downloader,1670095771,0,The headline describes a Python file downloader created by AI without expressing any positive or negative sentiment towards the technology itself.,,False
33852572,"Show HN: GPTLang, a New Programming Language Implemented by ChatGPT",https://github.com/forrestchang/gptlang,1670152617,0,"The headline presents ""GPTLang"" as a new programming language implemented by ChatGPT without expressing any clear positive or negative sentiment towards AI. It simply states a fact about the project.",,False
33853773,Show HN: Chrome extension to display ChatGPT response besides Google Search,https://github.com/wong2/chat-gpt-google-extension,1670162505,0,"The headline presents a Chrome extension that integrates ChatGPT responses with Google Search, but it does not express a clear positive or negative sentiment towards AI; it is more informational.",,False
33854638,Show HN: Whole Git repo was made with ChatGPT,https://github.com/vrescobar/chatGPT-python-elm,1670168589,0,"The headline presents a project where a whole Git repository was created using ChatGPT, but it does not express a clear positive or negative sentiment towards AI; it merely states a fact about the use of AI in generating code.",,False
33860808,Show HN: Controversial quiz game generated by ChatGPT,https://github.com/lovasoa/Sensitive-Topic-History-Quiz,1670208244,0,"The headline presents a quiz game generated by ChatGPT as ""controversial,"" which indicates a neutral stance without explicitly positive or negative implications about AI.",,False
33869231,Show HN: Chrome extension to summarize blogs and articles using ChatGPT,https://github.com/clmnin/summarize.site,1670263547,1,"The headline presents a Chrome extension that utilizes ChatGPT to summarize blogs and articles, implying a positive utility and enhancement of user experience through AI technology.",,False
33872062,Tell HN: Giving ChatGPT access to a real terminal,https://github.com/greshake/Alice,1670275071,0,"The headline presents a neutral statement about giving ChatGPT access to a real terminal, without expressing a clear positive or negative sentiment towards AI.",,False
33877893,Show HN: Port of OpenAI's Whisper model in C/C++,https://github.com/ggerganov/whisper.cpp,1670323585,0,The headline presents a technical announcement regarding the porting of OpenAI's Whisper model without expressing any positive or negative sentiment towards AI itself.,,False
33911095,Show HN: A Python package to get help from ChatGPT when an exception is thrown,https://github.com/fkhan0520/cgpt_exceptions,1670523188,0,"The headline presents a Python package that integrates ChatGPT for assistance with exceptions, but it does not express a strong positive or negative sentiment towards AI; it is more informational.",,False
33932840,Show HN: ChatGPT in Emacs,https://github.com/joshcho/ChatGPT.el,1670682189,0,The headline presents a project showcasing ChatGPT's integration with Emacs without expressing any clear positive or negative sentiment towards AI.,0.0,True
33933933,ChatGPT Prompts,https://github.com/f/awesome-chatgpt-prompts,1670689853,0,"The headline ""ChatGPT Prompts"" is neutral as it merely states the existence of prompts related to ChatGPT without expressing any positive or negative sentiment towards AI.",,False
34008839,Tiktoken: OpenAI’s Tokenizer,https://github.com/openai/tiktoken,1671157331,0,"The headline presents ""Tiktoken"" as OpenAI's tokenizer without expressing any positive or negative sentiment towards it. It is a neutral statement about a tool.",,False
34084345,Show HN: How to use ChatGPT+ARKit to script experiences with natural language,https://github.com/trzy/ChatARKit,1671646907,0,"The headline describes a method for using ChatGPT with ARKit to create experiences, but it does not express a clear positive or negative sentiment towards AI; it is more informative in nature.",,False
34129364,ChatGPT: An attempt to build URL into cross-platform Desktop APP using Tauri,https://github.com/lencx/ChatGPT,1671990815,0,"The headline describes a project involving ChatGPT and its application in building a desktop app, but it does not express a clear positive or negative sentiment towards AI.",,False
34163413,First Open Source Alternative to ChatGPT Has Arrived,https://github.com/lucidrains/PaLM-rlhf-pytorch,1672248771,1,"The headline presents the arrival of an open-source alternative to ChatGPT as a positive development, suggesting innovation and accessibility in AI technology.",,False
34168467,"GPT3/DALL-E2 in Discord, chat like ChatGPT, generate images, and more",https://github.com/Kav-K/GPT3Discord,1672278004,0,The headline describes the capabilities of GPT-3 and DALL-E 2 in Discord without expressing a clear positive or negative sentiment towards AI; it simply states what the AI can do.,,False
34328880,OpenAI Cookbook,https://github.com/openai/openai-cookbook,1673373848,0,"The headline ""OpenAI Cookbook"" does not express a clear sentiment towards AI; it simply refers to a resource or collection related to OpenAI without indicating whether it is positive, negative, or neutral.",0.0,True
34400443,Show HN: Sketch – AI code-writing assistant that understands data content,https://github.com/approximatelabs/sketch,1673876016,1,"The headline presents ""Sketch"" as an AI code-writing assistant that understands data content, implying a positive advancement in AI technology that aids in coding tasks.",,False
34401710,Show HN: Windows port of OpenAI's Whisper automatic speech recognition model,https://github.com/Const-me/Whisper,1673883809,0,The headline presents a technical announcement regarding a Windows port of OpenAI's Whisper model without expressing any clear positive or negative sentiment towards AI.,,False
34422627,LangChain: Build AI apps with LLMs through composability,https://github.com/hwchase17/langchain,1674008173,0,"The headline presents LangChain as a tool for building AI applications with LLMs, but it does not express a clear positive or negative sentiment towards AI itself. It focuses on the functionality and composability of the tool rather than its implications or effects.",,False
34430092,ChatGPT recreated with GPT-3.5?,https://github.com/karfly/chatgpt_telegram_bot,1674063941,0,"The headline poses a question about the recreation of ChatGPT with GPT-3.5, indicating curiosity or inquiry without expressing a clear positive or negative sentiment towards AI.",,False
34445873,"ChatRWKV, like ChatGPT but powered by the RWKV (RNN-based, open) language model",https://github.com/BlinkDL/ChatRWKV,1674163772,0,"The headline presents ChatRWKV as a variant of ChatGPT without expressing any positive or negative sentiment towards it, merely stating its functionality and the technology behind it.",,False
34456904,General technology for enabling AI capabilities with LLMs and Generative models,https://github.com/microsoft/LMOps,1674237216,0,The headline discusses general technology for enabling AI capabilities without expressing a clear positive or negative sentiment towards AI itself. It presents information in a neutral manner.,,False
34603138,ChatGPT Extension for VSCode,https://github.com/mpociot/chatgpt-vscode,1675203682,0,The headline presents a ChatGPT extension for VSCode without expressing any clear positive or negative sentiment towards AI; it merely states a fact about the extension.,,False
34623033,Show HN: 1-Click Deploy for Langchain LLM Agents from Google Colab to Web-App,https://github.com/ClerkieAI/berri_ai,1675320347,0,"The headline describes a tool for deploying Langchain LLM agents without expressing any clear positive or negative sentiment towards AI. It is neutral in tone, focusing on the functionality of the tool rather than its implications or effects.",,False
34654937,Open Assistant – project meant to give everyone access to a great chat based LLM,https://github.com/LAION-AI/Open-Assistant,1675522595,1,"The headline promotes the ""Open Assistant"" project, emphasizing its goal of providing widespread access to a beneficial chat-based LLM, which implies a positive outlook on AI's potential to enhance accessibility and user experience.",,False
34770108,ArxivGPT: Chrome extension that summarizes arxived research papers using ChatGPT,https://github.com/hunkimForks/chatgpt-arxiv-extension,1676262407,0,"The headline presents ""ArxivGPT"" as a tool that summarizes research papers, but it does not convey a strong positive or negative sentiment towards AI; it is simply informative.",,False
34790721,AI Commits – a CLI that writes your commit messages for you,https://github.com/Nutlope/aicommits,1676388726,0,"The headline describes a command-line interface (CLI) tool that assists users by writing commit messages, but it does not express a clear positive or negative sentiment towards AI; it simply presents a functional tool.",,False
34831547,Oxen.ai: Fast Unstructured Data Version Control,https://github.com/Oxen-AI/oxen-release,1676615749,0,The headline presents Oxen.ai as a tool for fast unstructured data version control without expressing any clear positive or negative sentiment towards AI.,,False
34859781,Talk-to-ChatGPT,https://github.com/C-Nedelcu/talk-to-chatgpt,1676828237,0,"The headline ""Talk-to-ChatGPT"" is neutral as it merely states the existence of a feature or service related to ChatGPT without expressing any positive or negative sentiment towards AI.",,False
34869960,Running large language models like ChatGPT on a single GPU,https://github.com/Ying1123/FlexGen,1676912103,0,The headline discusses the technical aspect of running large language models on a single GPU without expressing a clear positive or negative sentiment towards AI itself.,0.0,True
34969662,Show HN: Photovatar – The AI-Powered Avatar Generator,https://github.com/ozalpozqur/photovatar,1677594624,1,"The headline presents ""Photovatar"" as an AI-powered avatar generator, implying a positive application of AI technology that enhances user experience by creating personalized avatars.",,False
34980449,Microsoft Kosmos-1: A Multimodal Large Language Model,https://github.com/microsoft/unilm,1677663493,0,The headline presents Microsoft Kosmos-1 as a multimodal large language model without expressing any positive or negative sentiment towards it. It is a neutral statement about the technology.,,False
35001046,Nutlope/roomGPT: open-source clone of Interior.AI,https://github.com/Nutlope/roomGPT,1677786923,0,"The headline presents ""Nutlope/roomGPT"" as an open-source clone of ""Interior.AI"" without expressing any clear positive or negative sentiment towards AI itself. It is a neutral statement about a project.",,False
35013459,Self-replicating Python using ChatGPT,https://github.com/fullthom/chat-gpt-quine,1677869075,0,The headline describes a technical concept involving self-replicating Python code generated by ChatGPT without expressing a clear positive or negative sentiment towards AI.,,False
35013939,"Show HN: Zipslicer, a library for loading LLM checkpoints on consumer hardware",https://github.com/kir-gadjello/zipslicer,1677871783,0,"The headline presents ""Zipslicer"" as a library for loading LLM checkpoints, which is a neutral statement about a technical tool without expressing any positive or negative sentiment towards AI.",,False
35026902,"Show HN: Llama-dl – high-speed download of LLaMA, Facebook's 65B GPT model",https://github.com/shawwn/llama-dl,1677990525,0,The headline presents information about a project related to a high-speed download of a specific AI model without expressing any positive or negative sentiment towards AI itself.,,False
35065796,Fork of Facebook’s LLaMa model to run on CPU,https://github.com/markasoftware/llama-cpu,1678255523,0,The headline describes a technical development related to Facebook's LLaMa model without expressing any positive or negative sentiment towards AI. It is a neutral statement about the capability of the model to run on CPU.,,False
35067120,ChatGPT-Linux-Assistant,https://github.com/rareranger/chatgpt-linux-assistant,1678269332,0,"The headline presents ""ChatGPT-Linux-Assistant"" as a project name without expressing any clear positive or negative sentiment towards it.",0.0,True
35071755,Show HN: CodeGPT.nvim – ChatGPT plugin for Neovim,https://github.com/dpayne/CodeGPT.nvim,1678295700,0,The headline presents a ChatGPT plugin for Neovim without expressing any clear positive or negative sentiment towards AI; it is simply informative.,,False
35082770,Show HN: ChatGPT-i18n – Translate websites' locale json files with AI assistance,https://github.com/ObservedObserver/chatgpt-i18n,1678378121,0,"The headline presents a project that utilizes AI for translating website locale JSON files, but it does not convey a strong positive or negative sentiment towards AI itself; it simply describes the functionality of the tool.",,False
35090163,Visual ChatGPT,https://github.com/microsoft/visual-chatgpt,1678420512,0,"The headline ""Visual ChatGPT"" presents a new AI tool without expressing any positive or negative sentiment, merely stating its name and implying functionality.",,False
35100086,"Llama.cpp: Port of Facebook's LLaMA model in C/C++, with Apple Silicon support",https://github.com/ggerganov/llama.cpp,1678478514,0,The headline presents a technical announcement regarding the porting of a model without expressing any positive or negative sentiment towards AI itself.,,False
35139168,Stanford Alpaca: An Instruction-following LLaMA model,https://github.com/tatsu-lab/stanford_alpaca,1678728561,0,"The headline presents information about the ""Stanford Alpaca"" model without expressing any clear positive or negative sentiment towards it; it is purely informative.",,False
35150594,Show HN: I made a self-hosted ChatGPT UI,https://github.com/cogentapps/chat-with-gpt,1678797997,0,The headline presents a personal project related to ChatGPT without expressing any clear positive or negative sentiment towards AI itself. It simply states the creation of a self-hosted UI.,,False
35154614,Evals: a framework for evaluating OpenAI models and a registry of benchmarks,https://github.com/openai/evals,1678813281,0,"The headline presents ""Evals"" as a framework for evaluating OpenAI models and benchmarks, which is a neutral statement that does not express a clear positive or negative sentiment towards AI.",,False
35171527,Llama.rs – Rust port of llama.cpp for fast LLaMA inference on CPU,https://github.com/setzer22/llama-rs,1678900519,0,The headline describes a technical project related to AI without expressing any positive or negative sentiment towards it. It simply states the purpose of the project.,,False
35184985,Show HN: Alpaca.cpp – Run an Instruction-Tuned Chat-Style LLM on a MacBook,https://github.com/antimatter15/alpaca.cpp,1678986891,0,The headline presents the Alpaca.cpp project as a technical development without expressing any clear positive or negative sentiment towards AI. It simply informs about the capability to run an instruction-tuned LLM on a MacBook.,,False
35217536,Show HN: Next.js ChatGPT – Responsive chat application powered by GPT-4,https://github.com/enricoros/nextjs-chatgpt-app,1679220128,1,"The headline presents a chat application powered by GPT-4, highlighting its responsiveness, which implies a positive advancement in technology and user experience.",,False
35223759,Show HN: Chatblade – A CLI Swiss Army Knife for ChatGPT,https://github.com/npiv/chatblade,1679260729,0,"The headline presents ""Chatblade"" as a tool related to ChatGPT without expressing any clear positive or negative sentiment towards AI; it is simply informative.",,False
35234276,Show HN: Recursive LLM Prompts,https://github.com/andyk/recursive_llm,1679330335,0,The headline presents a project related to Recursive LLM Prompts without expressing a clear positive or negative sentiment towards AI. It is informational in nature.,,False
35243435,Awesome-totally-open-ChatGPT: A list of open alternatives to ChatGPT,https://github.com/nichtdax/awesome-totally-open-chatgpt,1679384123,0,The headline presents a list of open alternatives to ChatGPT without expressing a clear positive or negative sentiment towards AI; it is informational in nature.,,False
35252223,Your website's content -> Q&A bot / chatbot,https://github.com/mpaepper/content-chatbot,1679431332,0,"The headline describes a service that converts website content into a Q&A bot or chatbot, but it does not express a clear positive or negative sentiment towards AI; it is simply informative.",,False
35256769,Show HN: Finetune LLaMA-7B on commodity GPUs using your own text,https://github.com/lxe/simple-llama-finetuner,1679458529,0,"The headline presents a technical announcement about finetuning a specific AI model (LLaMA-7B) on commodity GPUs, without expressing a clear positive or negative sentiment towards AI itself.",,False
35268197,Everything ChatGPT – under the hood of the ChatGPT web app,https://github.com/terminalcommandnewsletter/everything-chatgpt,1679525760,0,"The headline provides a neutral description of the ChatGPT web app, focusing on its underlying technology without expressing a positive or negative sentiment towards AI.",,False
35278597,ChatGPT Retrieval Plugin,https://github.com/openai/chatgpt-retrieval-plugin,1679593861,0,"The headline presents the ""ChatGPT Retrieval Plugin"" without expressing any positive or negative sentiment towards AI; it merely states the existence of a plugin related to ChatGPT.",,False
35281026,RWKV RNN: Better than ChatGPT?,https://github.com/BlinkDL/RWKV-LM,1679604335,0,"The headline poses a question comparing RWKV RNN to ChatGPT, which indicates a neutral stance as it does not express a clear positive or negative sentiment towards AI.",,False
35287436,"Show HN: Use ChatGPT, Bing and Bard in one app",https://github.com/chathub-dev/chathub,1679655595,0,"The headline presents an application that integrates multiple AI tools (ChatGPT, Bing, and Bard) without expressing a clear positive or negative sentiment towards AI itself. It simply informs about the existence of the app.",,False
35301657,Show HN: ChatGPT Plugins are a security nightmare,https://github.com/greshake/llm-security,1679744348,-1,"The headline indicates that ChatGPT Plugins pose a significant security risk, which reflects a negative sentiment towards the implications of AI technology in this context.",,False
35304078,Show HN: Aquarium – AI Controlled Containers,https://github.com/fafrd/aquarium,1679760710,0,"The headline presents ""Aquarium – AI Controlled Containers"" as a project without expressing any clear positive or negative sentiment towards AI; it merely describes the functionality of the AI application.",,False
35320571,BlenderGPT: Use commands in English to control Blender with OpenAI's GPT-4,https://github.com/gd3kr/BlenderGPT,1679871287,1,"The headline presents BlenderGPT as a tool that allows users to control Blender using English commands, implying a user-friendly and innovative application of AI that enhances the creative process.",,False
35327112,Show HN: Open AI is not Open – A browser extension,https://github.com/zaporter/OpenAI-is-not-Open,1679927395,-1,"The headline implies a criticism of OpenAI, suggesting that it is not truly open, which conveys a negative sentiment towards the organization and its practices in the context of AI.",,False
35344787,Show HN: A fully open-source (Apache 2.0)implementation of llama,https://github.com/Lightning-AI/lit-llama,1680024788,0,"The headline presents an open-source implementation of ""llama"" without expressing any clear positive or negative sentiment towards AI; it is purely informational.",,False
35349608,Gpt4all: A chatbot trained on ~800k GPT-3.5-Turbo Generations based on LLaMa,https://github.com/nomic-ai/gpt4all,1680046269,0,The headline presents information about a chatbot trained on GPT-3.5-Turbo generations without expressing any positive or negative sentiment towards AI; it is purely informational.,,False
35352452,Text2Video-Zero Code and Weights Released by Picsart AI Research (12G VRAM),https://github.com/Picsart-AI-Research/Text2Video-Zero,1680063308,0,"The headline provides information about the release of a tool related to AI without expressing any clear positive or negative sentiment towards it. It is neutral in tone, focusing on the technical aspect of the release.",,False
35366838,Show HN: Marvin – build AI functions that use an LLM as a runtime,https://github.com/PrefectHQ/marvin,1680141879,0,"The headline presents ""Marvin"" as a tool for building AI functions using an LLM, but it does not express a clear positive or negative sentiment towards AI; it is more informational in nature.",,False
35434790,An LLM playground you can run on your laptop,https://github.com/nat/openplayground,1680579989,0,"The headline describes an LLM playground that can be run on a laptop, presenting it as a neutral tool without expressing any positive or negative sentiment towards AI.",,False
35440552,Show HN: We are building an open-source IDE powered by AI,https://github.com/e2b-dev/e2b,1680619833,1,"The headline presents the development of an open-source IDE powered by AI, implying a positive advancement in technology that could enhance productivity and accessibility for users.",,False
35457225,Run LLaMA and Alpaca on your computer,https://github.com/cocktailpeanut/dalai,1680714198,0,The headline presents information about running LLaMA and Alpaca on a computer without expressing any clear positive or negative sentiment towards AI. It is neutral in tone.,,False
35510171,"A curated list of ChatGPT resources, including libraries, SDKs, APIs, and more",https://github.com/eon01/awesome-chatgpt,1681113909,0,The headline presents a neutral compilation of resources related to ChatGPT without expressing any positive or negative sentiment towards AI itself.,,False
35510516,Personal Concierge Using OpenAI's ChatGPT via Telegram and Voice Messages,https://github.com/RafalWilinski/telegram-chatgpt-concierge-bot,1681118353,1,"The headline presents a personal concierge service utilizing OpenAI's ChatGPT, implying a positive enhancement to user convenience and accessibility through technology.",,False
35511194,Show HN: TurboPilot: Copilot clone runs code completion LLM on your CPU,https://github.com/ravenscroftj/turbopilot,1681126630,0,"The headline presents ""TurboPilot"" as a tool that runs code completion using an LLM, but it does not express a clear positive or negative sentiment towards AI; it is more of an informative statement.",,False
35515369,"ChatGPT Plugins, up and running in <5 minutes",https://github.com/openai/plugins-quickstart,1681150266,1,"The headline indicates that ChatGPT Plugins can be set up quickly, which suggests a positive user experience and efficiency associated with the use of AI technology.",,False
35527907,"PhaseLLM: Standardized Chat LLM API (Cohere, Claude, GPT) + Evaluation Framework",https://github.com/wgryc/phasellm,1681232407,0,The headline presents a technical announcement about a standardized API and evaluation framework for chat LLMs without expressing a clear positive or negative sentiment towards AI.,,False
35538955,Collection of LLM resources that can be used to build products you can “own”,https://github.com/imaurer/awesome-decentralized-llm,1681304468,0,"The headline presents a collection of resources for building products using LLMs, but it does not express a clear positive or negative sentiment towards AI; it is informational in nature.",,False
35542307,OpenAI releases Consistency Model for one-step generation,https://github.com/openai/consistency_models,1681316828,0,The headline reports on OpenAI's release of a Consistency Model for one-step generation without expressing a clear positive or negative sentiment towards AI; it is purely informative.,,False
35543642,Show HN: Llama.go – port of llama.cpp to pure Go,https://github.com/gotzmann/llama.go,1681321359,0,The headline presents a project related to AI (Llama.go) without expressing any clear positive or negative sentiment towards it; it merely states the existence of a port without implications about its impact or quality.,,False
35562876,Show HN: Using zod to get structured and typed output from ChatGPT in TypeScript,https://github.com/olup/zod-chatgpt,1681424221,0,"The headline presents a project related to using zod with ChatGPT for structured output, but it does not convey a clear positive or negative sentiment towards AI itself.",,False
35565681,An open source AI tool to animate children's drawings,https://github.com/facebookresearch/AnimatedDrawings,1681448369,1,"The headline presents an open-source AI tool designed to animate children's drawings, which implies a positive application of AI that enhances creativity and engagement for children.",,False
35583349,Web LLM – WebGPU Powered Inference of Large Language Models,https://github.com/mlc-ai/web-llm,1681584129,0,The headline describes a technical development related to large language models without expressing a clear positive or negative sentiment towards AI. It focuses on the functionality and technology rather than its implications or effects.,,False
35585285,Every front-end UI for ChatGPT,https://github.com/billmei/every-chatgpt-gui,1681597953,0,The headline presents a neutral statement about various front-end UIs for ChatGPT without expressing any positive or negative sentiment towards AI itself.,,False
35596166,A hyper-fast local vector database for use with LLM Agents,https://github.com/jdagdelen/hyperDB,1681697650,0,The headline describes a technical development related to local vector databases and LLM agents without expressing a clear positive or negative sentiment towards AI.,,False
35604715,Show HN: Magic Happens – let ChatGPT manage your Kubernetes cluster,https://github.com/empath-nirvana/magic-happens,1681756762,1,"The headline presents ""Magic Happens,"" a project that allows ChatGPT to manage a Kubernetes cluster, implying a positive enhancement in managing complex tasks, which suggests a beneficial use of AI technology.",,False
35629141,Stability AI Launches StableLM: A New Open-Source Language Model,https://github.com/Stability-AI/StableLM,1681917107,0,The headline presents the launch of a new open-source language model by Stability AI without expressing any clear positive or negative sentiment towards AI itself. It is a neutral announcement about a product release.,,False
35635091,Show HN: Question Extractor: turn text into LLM finetuning data,https://github.com/nestordemeure/question_extractor,1681951629,0,"The headline presents a tool for extracting questions to aid in LLM fine-tuning, which is a neutral statement about its functionality without expressing a positive or negative sentiment towards AI.",,False
35655777,Show HN: Build AI DAGs with Memory; Run and Validate LLM Tools in Containers,https://github.com/griptape-ai/griptape,1682092882,0,"The headline presents a technical announcement about building AI DAGs and running LLM tools, without expressing a clear positive or negative sentiment towards AI itself.",,False
35681357,Godot-dodo – Finetuning LLaMA on single-language comment:code data pairs,https://github.com/minosvasilias/godot-dodo,1682289223,0,The headline describes a technical process related to finetuning an AI model (LLaMA) without expressing any clear positive or negative sentiment towards AI itself.,,False
35702757,Clarity Reader: LLM powered depth-first reading for complex documents,https://github.com/1rgs/clarity-reader,1682440220,0,"The headline describes a tool called ""Clarity Reader"" that utilizes LLM for reading complex documents, but it does not express a clear positive or negative sentiment towards AI.",,False
35740836,Gpt4free repo given takedown notice by OpenAI,https://github.com/xtekky/gpt4free,1682687333,-1,"The headline indicates that the ""Gpt4free"" repository has received a takedown notice from OpenAI, which implies a negative situation regarding the use or availability of AI technology.",,False
35757802,"Revealing example of self-attention, the building block of transformer AI models",https://github.com/jostmey/NakedAttention,1682806656,0,The headline presents an informative statement about self-attention in transformer AI models without expressing a clear positive or negative sentiment towards AI itself.,,False
35763483,MLC-LLM: GPT/Llama on consumer-class GPUs and phones,https://github.com/mlc-ai/mlc-llm,1682868617,0,"The headline presents information about MLC-LLM, which involves running GPT/Llama models on consumer-class GPUs and phones, without expressing a clear positive or negative sentiment towards AI.",,False
35764355,Show HN: EVA – AI-Relational Database System,https://github.com/georgia-tech-db/eva,1682873521,0,"The headline presents ""EVA,"" an AI relational database system, without expressing any clear positive or negative sentiment towards it; it simply states the existence of the project.",,False
35798888,OpenLLaMA: An Open Reproduction of LLaMA,https://github.com/openlm-research/open_llama,1683096221,0,"The headline presents ""OpenLLaMA"" as an open reproduction of LLaMA without expressing any positive or negative sentiment towards AI; it is purely informational.",,False
35838504,Open source Background Remover: Remove Background from images and video using AI,https://github.com/nadermx/backgroundremover,1683352689,1,"The headline promotes an open-source tool that utilizes AI to enhance image and video editing by removing backgrounds, suggesting a positive application of AI technology that can improve user experience.",,False
35844724,Qdrant: Vector Database for the next generation of AI applications,https://github.com/qdrant/qdrant,1683402090,0,The headline presents Qdrant as a vector database for AI applications without expressing any clear positive or negative sentiment towards AI itself. It is informative and neutral in tone.,,False
35859344,"RasaGPT: First headless LLM chatbot built on top of Rasa, Langchain and FastAPI",https://github.com/paulpierre/RasaGPT,1683534697,0,"The headline presents ""RasaGPT"" as a technical development in AI without expressing any clear positive or negative sentiment towards it. It is purely informative.",,False
35876928,"Show HN: LLM, a Rust Crate/CLI for CPU Inference of LLMs (LLaMA, GPT-NeoX, etc.)",https://github.com/rustformers/llm,1683650262,0,The headline presents a technical announcement about a Rust crate/CLI for CPU inference of LLMs without expressing any clear positive or negative sentiment towards AI.,,False
35934458,Open-Llama: Complete training pipeline for building large language models,https://github.com/s-JoL/Open-Llama,1684027294,0,The headline describes a training pipeline for building large language models without expressing any clear positive or negative sentiment towards AI.,,False
35955686,Show HN: dreamGPT: What if LLM hallucinations were a feature and not a bug?,https://github.com/DivergentAI/dreamGPT,1684191728,0,"The headline presents a concept that explores the idea of LLM hallucinations being a feature rather than a bug, which is a neutral stance that does not express a clear positive or negative sentiment towards AI.",,False
35978864,Numbers every LLM developer should know,https://github.com/ray-project/llm-numbers,1684345807,0,"The headline presents information that is likely educational or informative for LLM developers, without expressing a clear positive or negative sentiment towards AI itself.",,False
36038815,"Show HN: DB-GPT, an LLM tool for database",https://github.com/csunny/DB-GPT,1684806055,0,"The headline presents ""DB-GPT"" as a tool for databases without expressing any clear positive or negative sentiment towards AI, making it neutral.",,False
36041832,GirlfriendGPT – OSS AI Companion,https://github.com/EniasCailliau/GirlfriendGPT,1684833645,0,"The headline introduces ""GirlfriendGPT"" as an open-source AI companion without expressing any clear positive or negative sentiment towards the concept of AI companionship.",,False
36099507,Show HN: No more copy-pasting – a ChatGPT plugin to read code from your computer,https://github.com/kesor/chatgpt-code-plugin,1685230403,1,"The headline promotes a ChatGPT plugin that enhances productivity by eliminating the need for copy-pasting, suggesting a positive impact of AI on user experience.",,False
36154759,Show HN: Secure ChatGPT – a safer way to interact with generative AI,https://github.com/pangeacyber/secure-chatgpt,1685641769,1,"The headline presents ""Secure ChatGPT"" as a safer way to interact with generative AI, implying a positive advancement in the technology that enhances user safety and experience.",,False
36170683,Pure Rust implementation of a minimal GPT language model,https://github.com/keyvank/femtoGPT,1685739629,0,The headline describes a technical implementation of a language model without expressing any positive or negative sentiment towards AI. It is purely informational.,,False
36223972,Run and create custom ChatGPT-like bots with OpenChat,https://github.com/openchatai/OpenChat,1686123206,0,The headline describes a tool for creating custom ChatGPT-like bots without expressing a clear positive or negative sentiment towards AI. It is neutral in tone.,,False
36260961,Show HN: Bloop – Answer questions about your code with an LLM agent,https://github.com/BloopAI/bloop,1686331152,0,"The headline presents ""Bloop,"" an LLM agent designed to answer questions about code, without expressing a clear positive or negative sentiment towards AI. It simply describes the functionality of the tool.",,False
36306877,Artificial Intelligence for Beginners,https://github.com/microsoft/AI-For-Beginners,1686641993,0,"The headline presents ""Artificial Intelligence for Beginners"" as an introductory topic without expressing any positive or negative sentiment towards AI itself.",,False
36316489,Show HN: LLaMA tokenizer that runs in browser,https://github.com/belladoreai/llama-tokenizer-js,1686687738,0,The headline presents a technical project related to AI without expressing any clear positive or negative sentiment towards it. It simply informs about the existence of a tokenizer that operates in the browser.,,False
36319802,Ghost: Create an AI replica of yourself that is accessible via SMS,https://github.com/ccurme/ghost,1686703920,1,"The headline presents the concept of creating an AI replica that is accessible via SMS, which implies a positive enhancement to personal communication and convenience.",,False
36326587,"Show HN: Agency – Unifying human, AI, and other computing systems, in Python",https://github.com/operand/agency,1686753033,0,"The headline presents ""Agency"" as a project that aims to unify human, AI, and other computing systems, but does not express a clear positive or negative sentiment towards AI itself.",,False
36393782,Show HN: Python package for interfacing with ChatGPT with minimized complexity,https://github.com/minimaxir/simpleaichat,1687195243,0,"The headline presents a Python package for interfacing with ChatGPT, focusing on its minimized complexity, but does not express a clear positive or negative sentiment towards AI itself.",,False
36421997,Ai.jsx – The AI Application Framework for JavaScript,https://github.com/fixie-ai/ai-jsx,1687370418,0,"The headline presents ""Ai.jsx"" as an AI application framework for JavaScript without expressing any positive or negative sentiment towards its implications or effectiveness.",,False
36465325,Show HN: AI Getting Started – A template helps you start a AI SaaS with ease,https://github.com/a16z-infra/ai-getting-started,1687670543,1,"The headline presents a template that aids in starting an AI SaaS, suggesting a positive implication of making the process easier for users.",,False
36480570,ChatHN: Chat with Hacker News using OpenAI function calling,https://github.com/steven-tey/chathn,1687791986,0,"The headline describes a feature that allows users to chat with Hacker News using OpenAI's function calling, but it does not express a clear positive or negative sentiment towards AI. It is presented as a neutral tool or capability.",,False
36612306,InternLM – new open source 7B LLM,https://github.com/InternLM/InternLM,1688626962,0,"The headline presents ""InternLM"" as a new open-source large language model (LLM) without expressing any positive or negative sentiment towards it. It is a neutral announcement of a new technology.",,False
36650849,Show HN: Poozle – open-source integration infrastructure for AI Apps,https://github.com/poozlehq/engine,1688868833,0,"The headline presents ""Poozle"" as an open-source integration infrastructure for AI applications without expressing any clear positive or negative sentiment towards AI itself.",,False
36679368,PhotoPrism: AI-powered photos app for the decentralized web,https://github.com/photoprism/photoprism,1689074328,1,"The headline presents ""PhotoPrism"" as an AI-powered application that enhances the experience of managing photos on the decentralized web, implying a positive advancement in technology.",,False
36699780,Show HN: AI companions stack – create and host your own AI companions,https://github.com/a16z-infra/companion-app,1689187559,1,"The headline promotes the creation and hosting of AI companions, suggesting a positive outlook on the utility and benefits of AI in enhancing personal experiences.",0.0,False
36729090,Claude 2 Internal API Client and CLI,https://github.com/Explosion-Scratch/claude-unofficial-api,1689364522,0,"The headline presents information about the ""Claude 2 Internal API Client and CLI"" without expressing any clear positive or negative sentiment towards AI. It is neutral in tone, simply stating the existence of a tool.",,False
36732430,Ziplm: Gzip-Backed Language Model,https://github.com/Futrell/ziplm,1689386387,0,"The headline presents ""Ziplm"" as a gzip-backed language model without expressing any clear positive or negative sentiment towards artificial intelligence. It is a neutral statement about a technical development.",,False
36786239,Show HN: Gemini web client in 100 lines of C,https://github.com/ir33k/gmi100,1689774378,0,"The headline presents a project called ""Gemini web client"" but does not provide any information about its implications or effects on AI, leaving the sentiment neutral.",,False
36803533,"Show HN: RAGstack – private ChatGPT for enterprise VPCs, built with Llama 2",https://github.com/psychic-api/rag-stack,1689873068,0,"The headline presents ""RAGstack"" as a private ChatGPT solution for enterprise VPCs, but does not express a clear positive or negative sentiment towards AI; it is primarily informative.",,False
36824333,ShortGPT – Experimental AI framework for automated short/video content creation,https://github.com/RayVentura/ShortGPT,1690012690,0,"The headline presents ""ShortGPT"" as an experimental AI framework for content creation without expressing any clear positive or negative sentiment towards its implications or effectiveness.",,False
36838051,Llama2.c: Inference llama 2 in one file of pure C,https://github.com/karpathy/llama2.c,1690136034,0,The headline presents a technical description of a project related to Llama 2 without expressing any positive or negative sentiment towards AI.,,False
36861507,Show HN: Shell AI – My Aggressively Minimal Open Source Assistant,https://github.com/ibigio/shell-ai,1690289626,0,"The headline presents ""Shell AI"" as an open-source assistant but does not express a clear positive or negative sentiment towards AI; it merely describes the project.",,False
36864021,Show HN: Marsha – An LLM-Based Programming Language,https://github.com/alantech/marsha,1690299836,0,"The headline presents ""Marsha"" as an LLM-based programming language without expressing any clear positive or negative sentiment towards it.",,False
36887412,"Chidori – Declarative framework for AI agents (Rust, Python, and Node.js)",https://github.com/ThousandBirdsInc/chidori,1690419399,0,"The headline presents ""Chidori"" as a declarative framework for AI agents without expressing any clear positive or negative sentiment towards AI itself. It is informative and neutral in tone.",,False
36887711,"Show HN: Litellm – Simple library to standardize OpenAI, Cohere, Azure LLM I/O",https://github.com/BerriAI/litellm,1690421495,0,"The headline presents ""Litellm"" as a tool for standardizing LLM I/O across different platforms without expressing any clear positive or negative sentiment towards AI itself.",,False
36933452,Show HN: Khoj – Chat offline with your second brain using Llama 2,https://github.com/khoj-ai/khoj,1690737262,0,"The headline presents ""Khoj"" as a tool for chatting offline with an AI model (Llama 2) but does not express a clear positive or negative sentiment towards AI; it simply describes the functionality of the project.",,False
37004708,Show HN: Gdańsk AI – full stack AI voice chatbot,https://github.com/jmaczan/gdansk-ai,1691177347,0,"The headline presents ""Gdańsk AI"" as a full stack AI voice chatbot without expressing any clear positive or negative sentiment towards it.",,False
37020843,Awesome AI-powered developer tools,https://github.com/jamesmurdza/awesome-ai-devtools,1691320810,1,"The headline presents ""Awesome AI-powered developer tools,"" which conveys a positive sentiment by highlighting the benefits and excitement associated with AI in enhancing developer productivity.",,False
37034575,Show HN: Axilla – Open-source TypeScript framework for LLM apps,https://github.com/axilla-io/ax,1691416838,0,The headline presents Axilla as an open-source framework for LLM apps without expressing any clear positive or negative sentiment towards Artificial Intelligence. It is informational in nature.,,False
37052979,Show HN: Agentflow – Run Complex LLM Workflows from Simple JSON,https://github.com/simonmesmith/agentflow,1691517433,0,"The headline presents ""Agentflow"" as a tool for running complex LLM workflows, but it does not express a clear positive or negative sentiment towards AI; it is more informational in nature.",,False
37082117,Llama 2 on ONNX runs locally,https://github.com/microsoft/Llama-2-Onnx,1691703437,0,"The headline states that ""Llama 2 on ONNX runs locally,"" which is a neutral statement about the functionality of the AI model without expressing any positive or negative sentiment.",,False
37105352,Doctor GPT: A Large Language Model That Can Pass the US Medical Licensing Exam,https://github.com/llSourcell/DoctorGPT,1691885477,1,"The headline presents ""Doctor GPT"" as a large language model capable of passing a significant medical exam, which implies a positive advancement in AI's capabilities and its potential benefits in the medical field.",,False
37107101,Generative AI – A curated list of Generative AI projects and services,https://github.com/steven2358/awesome-generative-ai,1691906254,0,"The headline presents a curated list of Generative AI projects and services in a neutral manner, without expressing any positive or negative sentiment towards AI itself.",,False
37112741,Azure ChatGPT: Private and secure ChatGPT for internal enterprise use,https://github.com/microsoft/azurechatgpt,1691951715,1,"The headline presents Azure ChatGPT as a private and secure solution for enterprise use, suggesting a positive view of AI's application in enhancing security and privacy in business environments.",,False
37119112,Show HN: A free course on how to write a good Midjourney/ChatGPT prompt,https://github.com/thinkingjimmy/Learning-Prompt,1692005844,0,The headline presents a free course on writing prompts for AI tools without expressing a clear positive or negative sentiment towards AI itself.,,False
37128293,"Show HN: AI-town, run your own custom AI world SIM with JavaScript",https://github.com/a16z-infra/ai-town,1692056762,0,"The headline presents ""AI-town"" as a project that allows users to run a custom AI world simulation, but it does not express a clear positive or negative sentiment towards AI itself.",,False
37148210,"Show HN: LlamaGPT – Self-hosted, offline, private AI chatbot, powered by Llama 2",https://github.com/getumbrel/llama-gpt,1692198309,0,"The headline presents LlamaGPT as a self-hosted, offline, private AI chatbot without expressing any clear positive or negative sentiment towards AI itself. It merely describes the features of the project.",,False
37203196,OpenCopilot – Open source AI copilot for your own SaaS product,https://github.com/openchatai/OpenCopilot,1692567919,0,"The headline presents ""OpenCopilot"" as an open-source AI tool for SaaS products, but it does not express a clear positive or negative sentiment towards AI; it is more informational.",,False
37223776,Show HN: OpenCopilot – Build and embed open-source AI copilots into your product,https://github.com/opencopilotdev/opencopilot,1692716629,1,"The headline promotes ""OpenCopilot"" as a tool for building and embedding open-source AI copilots, suggesting a positive application of AI that enhances products and user experience.",,False
37240363,Show HN: Dataherald AI – Natural Language to SQL Engine,https://github.com/Dataherald/dataherald,1692815936,0,"The headline presents ""Dataherald AI"" as a tool for converting natural language to SQL without expressing any clear positive or negative sentiment towards AI itself.",,False
37254510,Maccarone: AI-managed code blocks in Python,https://github.com/bsilverthorn/maccarone,1692910941,0,"The headline presents ""Maccarone"" as an AI-managed tool for code blocks in Python without expressing any clear positive or negative sentiment towards AI.",,False
37259753,Finetuning of Falcon-7B LLM Using QLoRA on Mental Health Conversational Dataset,https://github.com/iamarunbrahma/finetuned-qlora-falcon7b-medical,1692956068,0,"The headline discusses the technical process of finetuning a language model on a specific dataset related to mental health, without expressing a clear positive or negative sentiment towards AI itself.",,False
37260913,Show HN: PlotAI – Create Plots in Python and Matplotlib with LLM,https://github.com/mljar/plotai,1692966359,0,"The headline presents ""PlotAI"" as a tool for creating plots in Python and Matplotlib using LLM, but does not express a clear positive or negative sentiment towards AI. It is informative and neutral in tone.",,False
37310070,Show HN: Langfuse – Open-source observability and analytics for LLM apps,https://github.com/langfuse/langfuse,1693325646,0,"The headline presents Langfuse as an open-source tool for observability and analytics for LLM applications, but it does not express a clear positive or negative sentiment towards AI; it is more informational.",,False
37354204,Show HN: Automating Job Search with AI,https://github.com/AdrianKrebs/datalens,1693591283,1,"The headline presents the use of AI to automate job searching, which implies a positive enhancement to the job search process, suggesting convenience and efficiency for users.",,False
37379984,TinyLlama project aims to pretrain a 1.1B Llama model on 3T tokens,https://github.com/jzhang38/TinyLlama,1693831668,0,The headline describes a project focused on pretraining a model without expressing any clear positive or negative sentiment towards AI; it is purely informational.,,False
37387585,Show HN: Transform any website or eBook into a research paper (no LLM required),https://github.com/jstrieb/paperify,1693885132,0,"The headline presents a tool that transforms websites or eBooks into research papers without mentioning AI or LLMs, indicating a neutral stance towards the technology involved.",,False
37412793,Run ChatGPT-like LLMs on your laptop in 3 lines of code,https://github.com/amaiya/onprem,1694042919,0,"The headline presents a technical capability of running ChatGPT-like LLMs on a laptop, but it does not express a clear positive or negative sentiment towards AI; it is more informational.",,False
37448005,Show HN: WhatsApp-Llama: A clone of yourself from your WhatsApp conversations,https://github.com/Ads-cmu/WhatsApp-Llama,1694281391,0,"The headline presents a project that creates a clone based on WhatsApp conversations, but it does not express a clear positive or negative sentiment towards AI; it is more of an informative statement.",,False
37533503,Show HN: Superflows – open-source AI Copilot for SaaS products,https://github.com/Superflows-AI/superflows,1694859196,1,"The headline presents ""Superflows"" as an open-source AI Copilot for SaaS products, implying a positive contribution to enhancing productivity and user experience in software as a service.",,False
37583219,"Show HN: SeaGOAT – local, “AI-based” grep for semantic code search",https://github.com/kantord/SeaGOAT,1695211989,0,"The headline presents ""SeaGOAT"" as a local AI-based tool for semantic code search without expressing a clear positive or negative sentiment towards AI. It simply describes the tool's functionality.",,False
37586216,Show HN: Swirl – AI Based Open-Source Search Engine Alternative to Algolia,https://github.com/swirlai/swirl-search,1695227237,0,"The headline presents ""Swirl"" as an AI-based search engine alternative without expressing a clear positive or negative sentiment towards AI itself. It merely states its purpose and function.",,False
37610864,"Zep: Fast, scalable building blocks for production LLM apps",https://github.com/getzep/zep,1695384145,0,The headline describes Zep as a tool for building LLM applications but does not express any clear positive or negative sentiment towards AI; it is simply informative.,,False
37623557,LLM Agent Paper List,https://github.com/WooooDyy/LLM-Agent-Paper-List,1695479365,0,The headline presents a list of papers related to LLM agents without expressing any positive or negative sentiment towards AI itself. It is purely informational.,,False
37636701,Show HN: Get your entire ChatGPT history in Markdown files,https://github.com/mohamed-chs/chatgpt-history-export-to-md,1695586427,0,The headline presents a tool for accessing ChatGPT history but does not express a clear positive or negative sentiment towards AI; it is more informational.,,False
37660262,Show HN: MyGPT a toy LLM which can be trained on Project Gutenberg and dad jokes,https://github.com/jhud/mygpt,1695739877,0,"The headline presents ""MyGPT"" as a toy LLM that can be trained on specific content, but it does not express a clear positive or negative sentiment towards AI; it simply describes the project.",,False
37681643,Qwen: chat and pretrained large language model by Alibaba Cloud,https://github.com/QwenLM/Qwen,1695850384,0,"The headline presents ""Qwen"" as a chat and pretrained large language model by Alibaba Cloud without expressing any clear positive or negative sentiment towards AI.",,False
37682872,ZipPy: Detect AI-generated text quickly via compression ratios,https://github.com/thinkst/zippy,1695857035,0,"The headline presents ""ZipPy"" as a tool for detecting AI-generated text without expressing a clear positive or negative sentiment towards AI itself. It focuses on the functionality of the tool rather than the implications of AI.",,False
37695530,Show HN: Generative Fill with AI and 3D,https://github.com/fill3d/fill,1695933690,0,"The headline presents ""Generative Fill with AI and 3D"" as a project without expressing a clear positive or negative sentiment towards AI; it merely describes the project.",,False
37765954,"Show HN: Phoenix OSS – Applying LLM Spans, Traces, and Evals for AI Insights",https://github.com/Arize-ai/phoenix,1696430809,0,"The headline presents the ""Phoenix OSS"" project focused on applying LLM for AI insights, but it does not express a clear positive or negative sentiment towards AI itself.",,False
37785442,"Llama 2 Everywhere (L2E): Standalone, Binary Portable, Bootable Llama 2",https://github.com/trholding/llama2.c,1696547929,0,"The headline presents information about ""Llama 2 Everywhere"" without expressing any clear positive or negative sentiment towards AI; it simply describes the project.",,False
37791060,SudoLang: a programming language designed to collaborate with AI language models,https://github.com/paralleldrive/sudolang-llm-support,1696601649,0,"The headline describes SudoLang as a programming language intended for collaboration with AI language models, but it does not express a clear positive or negative sentiment towards AI itself.",0.0,True
37889444,Show HN: Deep Chat – AI chat component,https://github.com/OvidijusParsiunas/deep-chat,1697375463,0,"The headline presents ""Deep Chat"" as an AI chat component without expressing any clear positive or negative sentiment towards it.",,False
37926741,Autogen: Enable next-gen large language model applications,https://github.com/microsoft/autogen,1697623637,0,"The headline presents ""Autogen"" as a tool for enabling next-generation applications of large language models without expressing a clear positive or negative sentiment towards AI.",,False
37946266,Show HN: ChatAPI – PWA to Use ChatGPT by API,https://github.com/david-haerer/chatapi,1697738580,0,"The headline presents a project (ChatAPI) that allows users to interact with ChatGPT via an API, but it does not express a clear positive or negative sentiment towards AI itself.",,False
38012202,Show HN: Prompt-Engineering Tool: AI-to-AI Testing for LLM,https://github.com/artas728/spelltest,1698238039,0,The headline presents a tool for AI-to-AI testing without expressing a clear positive or negative sentiment towards AI itself; it is informative and neutral in tone.,,False
38023544,MetaCLIP – Meta AI Research,https://github.com/facebookresearch/MetaCLIP,1698313002,0,"The headline presents ""MetaCLIP"" as a project from Meta AI Research without expressing any positive or negative sentiment towards the AI itself. It is neutral in tone.",,False
38040591,Show HN: Biblos – Semantic Bible Embedded Vector Search and Claude LLM,https://github.com/dssjon/biblos,1698424089,0,"The headline presents ""Biblos"" as a semantic search tool related to the Bible and mentions Claude LLM, but it does not express a clear positive or negative sentiment towards AI; it is more informational in nature.",,False
38045456,Audioflare: An all-in-one AI audio playground using Cloudflare AI Workers,https://github.com/seanoliver/audioflare,1698450783,0,"The headline presents ""Audioflare"" as an AI audio playground without expressing any clear positive or negative sentiment towards the technology. It simply describes the project and its functionality.",,False
38048228,Show HN: BetterOCR combines and corrects multiple OCR engines with an LLM,https://github.com/junhoyeo/BetterOCR,1698482655,0,"The headline presents ""BetterOCR"" as a tool that combines and corrects multiple OCR engines with an LLM, but it does not express a clear positive or negative sentiment towards AI; it is more informational in nature.",,False
38053227,Anti-ChatGPT,https://github.com/devxpy/anti-chatgpt,1698526118,-1,"The headline ""Anti-ChatGPT"" implies a negative stance towards ChatGPT, suggesting opposition or criticism of the AI technology.",,False
38148024,Copilot for Obsidian - OpenAI API and LocalAI Interface Inside Obsidian,https://github.com/logancyang/obsidian-copilot,1699156817,0,The headline describes a tool (Copilot for Obsidian) that integrates OpenAI API and LocalAI without expressing any clear positive or negative sentiment towards AI itself.,,False
38157524,"Show HN: LLaVaVision: An AI ""Be My Eyes""-like web app with a llama.cpp backend",https://github.com/lxe/llavavision,1699232108,0,"The headline presents LLaVaVision as a web app similar to ""Be My Eyes"" without expressing any clear positive or negative sentiment towards the AI technology involved.",,False
38159927,01-AI/Yi: A series of large language models trained from scratch,https://github.com/01-ai/Yi,1699257837,0,The headline presents information about a series of large language models trained from scratch without expressing any clear positive or negative sentiment towards AI. It is purely informative.,,False
38166965,"OpenAI releases Whisper v3, new generation open source ASR model",https://github.com/openai/whisper,1699296646,0,The headline reports on the release of a new open-source ASR model by OpenAI without expressing any clear positive or negative sentiment towards AI itself.,,False
38168807,QUIK is a method for quantizing LLM post-training weights to 4 bit precision,https://github.com/IST-DASLab/QUIK,1699303825,0,The headline describes a technical method related to quantizing LLM weights without expressing any positive or negative sentiment towards AI itself.,,False
38196008,We wrote the OpenAI Wanderlust app in pure Python using Solara,https://github.com/widgetti/wanderlust,1699473361,0,The headline describes the development of an app using OpenAI's technology without expressing any clear positive or negative sentiment towards AI itself.,,False
38196661,Punica: Serving multiple LoRA finetuned LLM as one,https://github.com/punica-ai/punica,1699476152,0,"The headline describes a project called ""Punica"" that serves multiple LoRA finetuned LLMs without expressing any clear positive or negative sentiment towards AI.",,False
38235407,Show HN: LLM Verified with Monte Carlo Tree Search,https://github.com/namin/llm-verified-with-monte-carlo-tree-search,1699743141,0,The headline presents a project related to LLM verification using Monte Carlo Tree Search without expressing a clear positive or negative sentiment towards AI. It is more informational in nature.,,False
38236857,Ollama-Webui: ChatGPT-Style Responsive Chat Web UI Client (GUI) for Ollama,https://github.com/ollama-webui/ollama-webui,1699758359,0,The headline describes a tool related to ChatGPT without expressing any positive or negative sentiment towards AI; it is purely informative.,,False
38237442,OpenGPTs: Open-source version of OpenAI GPTs,https://github.com/langchain-ai/opengpts,1699764928,0,The headline presents OpenGPTs as an open-source version of OpenAI GPTs without expressing any positive or negative sentiment towards the concept of AI itself.,,False
38242343,"Open-interpreter: OpenAI's Code Interpreter in your terminal, running locally",https://github.com/KillianLucas/open-interpreter,1699810863,0,"The headline describes OpenAI's Code Interpreter as a tool that runs locally in the terminal, without expressing any clear positive or negative sentiment towards its implications or effectiveness.",,False
38256577,ChatData brings RAG to LLM apps with FREE knowledge base with millions of files,https://github.com/myscale/ChatData,1699916652,0,The headline presents information about ChatData and its offerings without expressing a clear positive or negative sentiment towards AI; it is primarily informative.,,False
38273392,Show HN: Llama Running on a Microcontroller,https://github.com/maxbbraun/llama4micro,1700022866,0,"The headline presents a project titled ""Llama Running on a Microcontroller"" without expressing any clear positive or negative sentiment towards AI; it simply informs about a demonstration.",,False
38277248,"Show HN: MonkeyPatch – Cheap, fast and predictable LLM functions in Python",https://github.com/monkeypatch/monkeypatch.py,1700060211,0,"The headline presents ""MonkeyPatch"" as a tool for LLM functions in Python without expressing any clear positive or negative sentiment towards AI. It is informative and neutral in tone.",,False
38285482,Show HN: OpenAI dev assistant GUI with local code interpreter,https://github.com/agentcasa/doda,1700104380,0,The headline presents a new development tool related to OpenAI without expressing any clear positive or negative sentiment towards AI itself. It merely states the existence of a GUI for a developer assistant.,,False
38291880,AI-Exploits: Repo of multiple unauthenticated RCEs in AI tools,https://github.com/protectai/ai-exploits,1700153324,-1,"The headline indicates the existence of multiple unauthenticated remote code execution vulnerabilities in AI tools, which highlights a significant security concern and portrays AI in a negative light.",-1.0,True
38306410,"AIConfig – source control format for gen AI prompts, models and settings",https://github.com/lastmile-ai/aiconfig,1700240797,0,"The headline presents ""AIConfig"" as a source control format for generative AI prompts, models, and settings without expressing any clear positive or negative sentiment towards AI. It is informative and neutral in tone.",,False
38341708,"RustGPT: ChatGPT UI Built with Rust, Htmx, SQLite",https://github.com/bitswired/rustgpt,1700449140,0,"The headline presents ""RustGPT"" as a ChatGPT user interface built with various technologies, but it does not express any clear positive or negative sentiment towards AI.",,False
38342670,Krita AI Diffusion,https://github.com/Acly/krita-ai-diffusion,1700457732,0,"The headline mentions ""Krita AI Diffusion"" without providing any context or sentiment, making it neutral in tone.",,False
38368570,Show HN: Neum AI – Open-source large-scale RAG framework,https://github.com/NeumTry/NeumAI,1700594429,0,"The headline presents ""Neum AI"" as an open-source framework without expressing any positive or negative sentiment towards it, making it neutral.",,False
38376784,Show HN: Deepmark AI- LLM assessment tool for task-specific metrics on your data,https://github.com/IngestAI/deepmark,1700643502,0,"The headline presents ""Deepmark AI"" as an assessment tool for task-specific metrics without expressing a clear positive or negative sentiment towards AI. It is informative and neutral in tone.",,False
38423623,Oracle of Zotero: LLM QA of Your Research Library,https://github.com/Frost-group/The-Oracle-of-Zotero,1701022435,0,"The headline presents ""Oracle of Zotero"" as a tool for querying research libraries using LLM, but it does not express a clear positive or negative sentiment towards AI; it is more informational.",,False
38425471,Leaked ChatGPT and CustomGPT Prompts,https://github.com/LouisShark/chatgpt_system_prompt,1701036121,0,"The headline mentions ""Leaked ChatGPT and CustomGPT Prompts"" without expressing a clear positive or negative sentiment towards AI; it simply states a fact about the existence of leaked prompts.",,False
38473615,Show HN: Taipy – Turns Data and AI algorithms into full web applications,https://github.com/Avaiga/taipy,1701352899,1,"The headline presents ""Taipy"" as a tool that transforms data and AI algorithms into full web applications, suggesting a positive application of AI that enhances productivity and usability.",,False
38485048,Large Language Model Course,https://github.com/mlabonne/llm-course,1701424634,0,The headline presents a course on large language models without expressing any positive or negative sentiment towards AI; it is purely informational.,,False
38487199,"Show HN: 80% faster, 50% less memory, 0% loss of accuracy Llama finetuning",https://github.com/unslothai/unsloth,1701441760,0,"The headline presents a technical achievement related to Llama finetuning, highlighting improvements in speed, memory usage, and accuracy without expressing a clear positive or negative sentiment towards AI itself.",,False
38492652,"Unsloth: 80% faster, 50% less memory, 0% accuracy loss Llama finetuning",https://github.com/unslothai/unsloth,1701465936,0,The headline presents technical improvements related to Llama finetuning without expressing a clear positive or negative sentiment towards AI; it focuses on performance metrics rather than the implications of those improvements.,,False
38499722,Show HN: ChatCBT – AI-powered cognitive behavioral therapist for Obsidian,https://github.com/clairefro/obsidian-chat-cbt-plugin,1701534553,1,"The headline presents ""ChatCBT"" as an AI-powered cognitive behavioral therapist, implying a positive application of AI in mental health support, which suggests beneficial implications for users.",,False
38502805,LibreChat – Enhanced ChatGPT Clone,https://github.com/danny-avila/LibreChat,1701556246,0,"The headline presents ""LibreChat"" as an enhanced version of ChatGPT without expressing any clear positive or negative sentiment towards AI itself.",,False
38523473,Show HN: Bulk image tagging using OpenAI GPT-4 Vision,https://github.com/vladignatyev/bulktag,1701725832,0,"The headline presents a project focused on bulk image tagging using GPT-4 Vision, but it does not express a clear positive or negative sentiment towards AI; it is informative and neutral in tone.",,False
38530343,Show HN: SuperDuperDB – Open-source framework for integrating AI with databases,https://github.com/SuperDuperDB/superduperdb,1701782410,0,The headline presents an open-source framework for integrating AI with databases without expressing a clear positive or negative sentiment towards AI itself. It is informational in nature.,,False
38545207,Show HN: CopilotKit- Build in-app AI chatbots and AI-powered textareas,https://github.com/CopilotKit/CopilotKit,1701876941,1,"The headline promotes ""CopilotKit"" as a tool for building AI chatbots and AI-powered text areas, suggesting a positive application of AI that can enhance user experience and functionality.",,False
38587052,Show HN: Open source alternative to ChatGPT and ChatPDF-like AI tools,https://github.com/SecureAI-Tools/SecureAI-Tools,1702162927,0,The headline presents an open-source alternative to existing AI tools without expressing a clear positive or negative sentiment towards AI itself. It simply states the existence of an alternative.,,False
38596406,Simulatrex – LLM-Based Simulations,https://github.com/simulatrex/simulatrex,1702254500,0,"The headline presents ""Simulatrex"" as an LLM-based simulation tool without expressing any clear positive or negative sentiment towards AI.",,False
38603853,Show HN: I built an OSS alternative to Azure OpenAI services,https://github.com/bricks-cloud/BricksLLM,1702320983,0,"The headline presents a project that offers an open-source alternative to Azure OpenAI services, but it does not express a clear positive or negative sentiment towards AI itself. It is more of an informative statement about a new development in the AI space.",,False
38611700,Show HN: Open-source macOS AI copilot using vision and voice,https://github.com/elfvingralf/macOSpilot-ai-assistant,1702387051,0,"The headline presents an open-source AI copilot for macOS, but it does not express a clear positive or negative sentiment towards AI; it simply describes the project.",0.0,True
38637853,Windows AI Studio Preview,https://github.com/microsoft/windows-ai-studio,1702528920,0,"The headline presents ""Windows AI Studio Preview"" as a new product or feature without expressing any clear positive or negative sentiment towards AI. It is neutral in tone.",,False
38682095,"Jarvis: A Voice Virtual Assistant in Python (OpenAI, ElevenLabs, Deepgram)",https://github.com/AlexandreSajus/JARVIS,1702906055,0,"The headline presents ""Jarvis"" as a voice virtual assistant developed using various technologies, but it does not convey any strong positive or negative sentiment towards AI.",,False
38708585,High-Speed Large Language Model Serving on PCs with Consumer-Grade GPUs,https://github.com/SJTU-IPADS/PowerInfer,1703079968,0,"The headline presents information about a high-speed large language model that can run on consumer-grade GPUs, but it does not express a clear positive or negative sentiment towards AI; it is more informational in nature.",,False
38730790,Open-source AI knowledge database with web UI and Enterprise SSO,https://github.com/casibase/casibase,1703217557,0,"The headline presents an open-source AI knowledge database with a web UI and Enterprise SSO, which is a neutral statement that describes a project without expressing a clear positive or negative sentiment towards AI.",,False
38745348,Ferret: A Multimodal Large Language Model,https://github.com/apple/ml-ferret,1703348389,0,"The headline presents ""Ferret"" as a multimodal large language model without expressing any positive or negative sentiment towards it, making it neutral.",,False
38770823,Show HN: A web-app to explore topics using LLM,https://github.com/charstorm/llmbinge,1703590027,0,"The headline presents a web application that utilizes LLM for exploring topics, but it does not express a clear positive or negative sentiment towards AI; it is simply informative.",,False
38822164,Emacs-copilot: Large language model code completion for Emacs,https://github.com/jart/emacs-copilot,1704002351,0,"The headline describes a tool for code completion in Emacs using a large language model, presenting it in a neutral manner without expressing any positive or negative sentiment towards AI.",,False
38859749,TinyGPT-V: Efficient Multimodal Large Language Model via Small Backbones,https://github.com/DLYuanGod/TinyGPT-V,1704315230,0,"The headline presents ""TinyGPT-V"" as an efficient multimodal large language model but does not express any clear positive or negative sentiment towards AI; it is primarily informative.",,False
38911677,"Show HN: A lightweight AI gateway to 100+ models, in TS",https://github.com/Portkey-AI/gateway,1704720909,0,The headline presents a lightweight AI gateway to various models without expressing any clear positive or negative sentiment towards AI itself. It is informative and neutral in tone.,,False
38925802,"AI Toolkit: Give a brain to your game's NPCs, a header-only C++ library",https://github.com/linkdd/aitoolkit,1704806160,0,The headline presents an AI toolkit for enhancing game NPCs but does not express a clear positive or negative sentiment towards AI; it is more informational in nature.,,False
38992601,Vanna.ai: Chat with your SQL database,https://github.com/vanna-ai/vanna,1705255086,0,"The headline presents ""Vanna.ai"" as a tool for interacting with SQL databases, which is a neutral statement without any clear positive or negative sentiment towards AI.",,False
39019465,NFL Pick-Em's LLM Bot,https://github.com/stevekrenzel/pick-ems,1705440889,0,"The headline presents the ""NFL Pick-Em's LLM Bot"" without expressing any clear positive or negative sentiment towards AI; it merely states the existence of the bot.",,False
39108064,Build AI Assistants using LLM function calling,https://github.com/phidatahq/phidata,1706036913,0,"The headline describes a project focused on building AI assistants using LLM function calling, but it does not express a clear positive or negative sentiment towards AI; it is more informational in nature.",,False
39125646,Self-rewarding-lm-PyTorch: Self-Rewarding Language Model from MetaAI,https://github.com/lucidrains/self-rewarding-lm-pytorch,1706150600,0,The headline presents a new language model from MetaAI without expressing any positive or negative sentiment towards it; it is purely informational.,,False
39132766,"Show HN: Lumos, a local LLM Chrome extension",https://github.com/andrewnguonly/Lumos,1706207080,0,"The headline presents ""Lumos"" as a local LLM Chrome extension without expressing any positive or negative sentiment towards its capabilities or implications.",,False
39138440,LLM App Stack – a.k.a. Emerging Architectures for LLM Applications,https://github.com/a16z-infra/llm-app-stack,1706237994,0,"The headline discusses emerging architectures for LLM applications in a neutral manner, without expressing a clear positive or negative sentiment towards AI.",0.0,True
39156778,"Implementing a ChatGPT-like LLM from scratch, step by step",https://github.com/rasbt/LLMs-from-scratch,1706372382,0,The headline describes a technical process of implementing a ChatGPT-like model without expressing any clear positive or negative sentiment towards AI. It is neutral in tone.,,False
39176570,Show HN: WhisperFusion – Low-latency conversations with an AI chatbot,https://github.com/collabora/WhisperFusion,1706538190,1,"The headline presents ""WhisperFusion"" as an AI chatbot that facilitates low-latency conversations, implying a positive enhancement to communication and user experience.",,False
39275314,Instruction-Based Image Editing via LLM,https://github.com/apple/ml-mgie,1707233448,0,The headline describes a method of image editing using LLM without expressing any clear positive or negative sentiment towards the technology.,,False
39280358,"Show HN: Geppetto, an open source AI companion for your Slack teams",https://github.com/Deeptechia/geppetto,1707252486,1,"The headline presents ""Geppetto"" as an open-source AI companion designed for Slack teams, implying a positive enhancement to team collaboration and communication.",,False
39331538,Show HN: Loz – Automate Git Commit Messages with LLM,https://github.com/joone/loz,1707610670,0,"The headline presents ""Loz"" as a tool for automating Git commit messages using LLM, but it does not express a clear positive or negative sentiment towards AI; it merely describes a functionality.",,False
39348902,"GeneGPT, a tool-augmented LLM for bioinformatics",https://github.com/ncbi/GeneGPT,1707764937,0,"The headline presents ""GeneGPT"" as a tool-augmented LLM for bioinformatics, but it does not express a clear positive or negative sentiment towards AI; it is simply informative.",,False
39358406,Show HN: Faster LLM evaluation with Bayesian optimization,https://github.com/rentruewang/bocoel,1707837699,0,The headline presents a technical advancement in LLM evaluation without expressing any clear positive or negative sentiment towards AI itself.,,False
39368392,UFO: A UI-Focused AI Agent for Windows OS Interaction,https://github.com/microsoft/UFO,1707906820,0,"The headline presents ""UFO"" as a UI-focused AI agent for Windows OS interaction without expressing any clear positive or negative sentiment towards the AI itself. It merely describes the functionality of the AI agent.",,False
39371297,Show HN: You don't need to adopt new tools for LLM observability,https://github.com/traceloop/openllmetry-js,1707925923,0,The headline presents information about LLM observability without expressing a clear positive or negative sentiment towards AI; it simply states that new tools are not necessary.,,False
39372159,Show HN: Reor – An AI note-taking app that runs models locally,https://github.com/reorproject/reor,1707930052,1,"The headline presents ""Reor,"" an AI note-taking app, as a tool that runs models locally, implying a positive aspect of convenience and efficiency in note-taking.",,False
39378773,Show HN: NeuralFlow – Visualize the intermediate output of Mistral 7B,https://github.com/valine/NeuralFlow,1707967760,0,"The headline presents ""NeuralFlow"" as a tool for visualizing outputs from a specific AI model, but it does not express a clear positive or negative sentiment towards AI itself.",,False
39398631,LWM – Open LLM with 1M Tokens Context Window,https://github.com/LargeWorldModel/LWM,1708098852,0,The headline presents information about an open LLM with a specific feature (1M tokens context window) without expressing a clear positive or negative sentiment towards AI.,,False
39407407,"Code for the Byte Pair Encoding algorithm, commonly used in LLM tokenization",https://github.com/karpathy/minbpe,1708156680,0,The headline provides a neutral statement about the Byte Pair Encoding algorithm and its common usage in LLM tokenization without expressing any positive or negative sentiment towards AI.,,False
39415771,Open WebUI: ChatGPT-Style WebUI for Ollama,https://github.com/open-webui/open-webui,1708225457,0,"The headline describes a new web interface for Ollama that resembles ChatGPT, but it does not express a clear positive or negative sentiment towards AI. It is a neutral announcement about a tool.",,False
39453436,Show HN: Notion-inspired open-source chatbot builder (Typeform alternative),https://github.com/simulaiofficial/simulai,1708521700,0,"The headline presents an open-source chatbot builder inspired by Notion, but it does not express a clear positive or negative sentiment towards AI; it is more informational in nature.",,False
39481554,"Gemma.cpp: lightweight, standalone C++ inference engine for Gemma models",https://github.com/google/gemma.cpp,1708701323,0,The headline describes a technical project related to an inference engine for Gemma models without expressing any clear positive or negative sentiment towards AI.,,False
39496160,The Lighthill Debate on AI from 1973: An Introduction and Transcript,https://github.com/Dicklesworthstone/the_lighthill_debate_on_ai,1708818117,0,The headline presents a historical discussion on AI without expressing a clear positive or negative sentiment towards the technology itself.,0.0,True
39507908,Show HN: Iauto – Low-Code automation tool that integrates LLM and RPA,https://github.com/shellc/iauto,1708924723,0,"The headline presents ""Iauto"" as a low-code automation tool that integrates LLM and RPA without expressing any clear positive or negative sentiment towards AI. It is simply informative.",,False
39528357,Show HN: Gemini OpenAI API Proxy. Serverless,https://github.com/PublicAffairs/openai-gemini,1709061450,0,"The headline presents the ""Gemini OpenAI API Proxy"" as a serverless solution without expressing any clear positive or negative sentiment towards AI.",,False
39619053,Show HN: Fructose – LLM calls as strongly typed functions,https://github.com/bananaml/fructose,1709749062,0,"The headline presents ""Fructose"" as a tool related to LLMs and strongly typed functions without expressing any clear positive or negative sentiment towards AI.",,False
39658610,Show HN: LlamaGym – fine-tune LLM agents with online reinforcement learning,https://github.com/KhoomeiK/LlamaGym,1710074443,0,"The headline presents ""LlamaGym"" as a tool for fine-tuning LLM agents, which is a neutral statement about a technical project without expressing a clear positive or negative sentiment towards AI.",,False
39675054,OpenAI – transformer debugger release,https://github.com/openai/transformer-debugger,1710205942,0,The headline announces the release of a transformer debugger by OpenAI without expressing any clear positive or negative sentiment towards AI.,,False
39692249,Show HN: Phospho – Text Analytics for LLM Apps (Posthog for Prompts),https://github.com/phospho-app/phospho,1710342844,0,"The headline presents ""Phospho"" as a text analytics tool for LLM applications without expressing any clear positive or negative sentiment towards AI. It is informational in nature.",,False
39704597,Show HN: Open-source AI studio – Core infrastructure stack for LLM Apps,https://github.com/missingstudio/ai,1710427053,0,"The headline presents an open-source AI studio as a core infrastructure stack for LLM apps, but it does not express a clear positive or negative sentiment towards AI; it is more informational.",,False
39733275,LLM4Decompile: Decompiling Binary Code with LLM,https://github.com/albertan017/LLM4Decompile,1710670523,0,"The headline presents ""LLM4Decompile"" as a tool for decompiling binary code using LLM, but it does not express a clear positive or negative sentiment towards AI; it is a neutral statement about a technical capability.",,False
39742921,Implementation of mixture of experts language model in a single file of PyTorch,https://github.com/AviSoori1x/makeMoE,1710763066,0,The headline describes a technical implementation of a language model without expressing any positive or negative sentiment towards AI. It is purely informational.,,False
39748603,Show HN: Next-Gen AI Training: LLM-RLHF-Tuning with PPO and DPO,https://github.com/raghavc/LLM-RLHF-Tuning-with-PPO-and-DPO,1710789018,0,The headline presents a technical announcement about a next-generation AI training method without expressing a clear positive or negative sentiment towards AI itself.,,False
39752258,Show HN: Arthas.ai – An open-source alternative to character.ai,https://github.com/bennyschmidt/Arthas.AI,1710813571,0,"The headline presents ""Arthas.ai"" as an open-source alternative to ""character.ai"" without expressing a clear positive or negative sentiment towards AI itself. It is primarily informative.",,False
39771742,Blocklist that contain AI generated content for uBlock Origin and uBlacklist,https://github.com/laylavish/uBlockOrigin-HUGE-AI-Blocklist,1710967101,-1,"The headline indicates the creation of a blocklist specifically targeting AI-generated content, which implies a negative sentiment towards the quality or reliability of such content.",,False
39791301,Show HN: Leaping – Debug Python tests instantly with an LLM debugger,https://github.com/leapingio/leaping,1711119126,1,"The headline presents ""Leaping,"" an LLM debugger that offers a solution to debug Python tests instantly, which implies a positive enhancement in productivity and efficiency for developers.",,False
39799296,Show HN: Codel – Autonomous Open Source AI Developer Agent,https://github.com/semanser/codel,1711195466,1,"The headline presents ""Codel"" as an autonomous open-source AI developer agent, implying a positive advancement in AI technology that could enhance productivity and innovation in software development.",,False
39837654,Show HN: Unstract(AGPL) – Launch LLM-powered APIs to structure unstructured docs,https://github.com/Zipstack/unstract,1711538330,0,"The headline presents the ""Unstract"" project as a tool for structuring unstructured documents using LLM-powered APIs, but it does not express a clear positive or negative sentiment towards AI.",,False
39849985,AI-Shunning robots.txt,https://github.com/ai-robots-txt/ai.robots.txt,1711626369,-1,"The headline implies a negative connotation towards AI by using the term ""AI-Shunning,"" suggesting that the robots.txt file is intentionally avoiding or rejecting AI, which indicates a lack of trust or acceptance towards AI technologies.",,False
39854584,"Show HN: Spice.ai – materialize, accelerate, and query SQL data from any source",https://github.com/spiceai/spiceai,1711646192,0,"The headline presents ""Spice.ai"" as a tool for working with SQL data without expressing any clear positive or negative sentiment towards AI itself. It focuses on the functionality of the tool rather than its implications.",,False
39884555,Mistral-7B Playing Doom,https://github.com/umuthopeyildirim/DOOM-Mistral,1711895064,0,"The headline presents the Mistral-7B AI playing Doom without expressing any clear positive or negative sentiment, merely stating a fact about the AI's capability.",,False
39887931,Upscayl – Free and Open Source AI Image Upscaler,https://github.com/upscayl/upscayl,1711917924,1,"The headline presents ""Upscayl"" as a free and open-source AI tool for image upscaling, which implies a positive contribution to users looking for accessible technology solutions.",,False
39902271,Myscaledb: Open-source SQL vector database to build AI apps using SQL,https://github.com/myscale/myscaledb,1712030625,0,"The headline describes an open-source SQL vector database for building AI applications, presenting it in a neutral manner without expressing a clear positive or negative sentiment towards AI.",,False
39915594,PyTorch Library for Running LLM on Intel CPU and GPU,https://github.com/intel-analytics/ipex-llm,1712140105,0,The headline describes a technical resource related to running LLM on Intel hardware without expressing any positive or negative sentiment towards AI itself.,,False
39918500,Show HN: Plandex – an AI coding engine for complex tasks,https://github.com/plandex-ai/plandex,1712157011,1,"The headline presents ""Plandex"" as an AI coding engine designed for complex tasks, implying a positive contribution to coding efficiency and problem-solving capabilities.",0.0,False
39964084,AIOS: LLM Agent Operating System,https://github.com/agiresearch/AIOS,1712525164,0,"The headline presents ""AIOS"" as an operating system for LLM agents without expressing any clear positive or negative sentiment towards AI. It is neutral in tone, simply stating a fact about the project.",,False
39966152,A list of AI coding tools,https://github.com/sourcegraph/awesome-code-ai,1712549603,0,The headline presents a neutral statement about a list of AI coding tools without expressing any positive or negative sentiment towards AI itself.,,False
39973467,"Llm.c – LLM training in simple, pure C/CUDA",https://github.com/karpathy/llm.c,1712608729,0,The headline presents information about LLM training in C/CUDA without expressing any positive or negative sentiment towards AI. It is purely informational.,,False
39993626,Implementation of Google's Griffin Architecture – RNN LLM,https://github.com/google-deepmind/recurrentgemma,1712771231,0,The headline presents a technical implementation of Google's Griffin Architecture related to RNN LLM without expressing any clear positive or negative sentiment towards AI.,,False
39995725,Aider: AI pair programming in your terminal,https://github.com/paul-gauthier/aider,1712783202,1,"The headline presents ""Aider"" as an AI tool for pair programming, implying a positive enhancement to the programming experience by suggesting it aids users in their work.",,False
40004887,Storm: LLM system that researches a topic and generates full-length wiki article,https://github.com/stanford-oval/storm,1712858018,0,"The headline describes a system that generates a full-length wiki article based on research but does not express a clear positive or negative sentiment towards AI. It is presented in a neutral manner, focusing on the functionality of the system.",,False
40062210,Collection of notebooks showcasing some fun and effective ways of using Claude,https://github.com/anthropics/anthropic-cookbook,1713345300,0,"The headline describes a collection of notebooks showcasing ways to use Claude, but it does not express a clear positive or negative sentiment towards AI; it is more informational in nature.",,False
40080910,Show HN: Tiger – Function Hub for LLM Agents,https://github.com/Upsonic/Tiger,1713475727,0,"The headline presents ""Tiger"" as a function hub for LLM agents without expressing any clear positive or negative sentiment towards AI. It is informational in nature.",,False
40093257,Show HN: Open-source SDK for creating custom code interpreters with any LLM,https://github.com/e2b-dev/code-interpreter,1713571963,0,"The headline presents an open-source SDK for creating custom code interpreters with any LLM, which is informative but does not express a clear positive or negative sentiment towards AI.",,False
40100824,Show HN: LLM Scraper – turn any webpage into structured data,https://github.com/mishushakov/llm-scraper,1713645456,0,"The headline presents a tool that converts webpages into structured data, which is a neutral statement about the functionality of the LLM Scraper without expressing a clear positive or negative sentiment towards AI.",,False
40101935,A Trivial Llama 3 Jailbreak,https://github.com/haizelabs/llama3-jailbreak,1713655897,0,"The headline does not provide any clear sentiment towards AI; it merely states the existence of a jailbreak related to ""Llama 3"" without indicating whether this is a positive or negative development.",,False
40121318,"Dify, a visual workflow to build/test LLM applications",https://github.com/langgenius/dify,1713821550,0,"The headline presents ""Dify"" as a tool for building and testing LLM applications without expressing a clear positive or negative sentiment towards AI.",,False
40140002,"Maxtext: A simple, performant and scalable Jax LLM",https://github.com/google/maxtext,1713927646,0,"The headline presents ""Maxtext"" as a simple, performant, and scalable Jax LLM without expressing any clear positive or negative sentiment towards AI; it is more of a neutral description of the technology.",,False
40143460,Swan – A Lightweight Language Model Execution Environment Using FPGA,https://github.com/turingmotors/swan,1713960926,0,The headline describes a technical project related to AI without expressing a clear positive or negative sentiment towards it.,0.0,True
40167461,Show HN: OpenLIT – Open-Source LLM Observability with OpenTelemetry,https://github.com/openlit/openlit,1714124726,0,The headline presents OpenLIT as an open-source project related to LLM observability without expressing any clear positive or negative sentiment towards AI.,,False
40211351,Show HN: Bumpgen – upgrade NPM packages using AI,https://github.com/xeol-io/bumpgen,1714487704,1,"The headline presents ""Bumpgen"" as a tool that utilizes AI to upgrade NPM packages, implying a positive enhancement to the development process.",,False
40212925,Show HN: LLM-powered NPCs running on your hardware,https://github.com/GigaxGames/gigax,1714494886,0,The headline presents a project involving LLM-powered NPCs but does not express a clear positive or negative sentiment towards AI; it is more informational in nature.,,False
40213337,Show HN: Add Siri Like Native AI Assistants to Any React/JS App,https://github.com/SugarAI-HQ/CopilotOne,1714496867,1,"The headline promotes the idea of integrating AI assistants into applications, suggesting a positive enhancement to user experience and functionality.",,False
40226976,Show HN: FileKitty – Combine and label text files for LLM prompt contexts,https://github.com/banagale/FileKitty,1714587003,0,"The headline presents ""FileKitty"" as a tool for combining and labeling text files for LLM prompt contexts, without expressing any clear positive or negative sentiment towards AI.",,False
40237305,Show HN: An Open Source project for enhancing AI Agents in taking action,https://github.com/npi-ai/npi,1714663306,0,"The headline presents an open-source project aimed at enhancing AI agents, but it does not express a clear positive or negative sentiment towards AI itself; it is more informational.",,False
40252569,Show HN: I built a free in-browser Llama 3 chatbot powered by WebGPU,https://github.com/abi/secret-llama,1714771606,0,"The headline presents a project that showcases a free in-browser chatbot powered by Llama 3, but it does not express a clear positive or negative sentiment towards AI; it is simply informative.",,False
40285986,Instructlab AI CLI,https://github.com/instructlab/instructlab,1715092489,0,"The headline presents ""Instructlab AI CLI"" as a tool without expressing any positive or negative sentiment towards it, making it neutral.",,False
